{"description":"Connection credentials asset type","fields":[{"key":"connection_id","type":"string","facet":false,"is_array":false,"search_path":"connection_id","is_searchable_across_types":false},{"key":"owner_id","type":"string","facet":false,"is_array":false,"search_path":"owner_id","is_searchable_across_types":false}],"relationships":[{"key":"connection_id","target_asset_type":"connection","on_delete_target":"CASCADE","on_delete":"IGNORE","on_clone_target":"IGNORE","on_clone":"IGNORE","on_promote":"IGNORE","on_publish":"IGNORE","on_catalog_clone":"IGNORE"}],"localized_metadata_attributes":{"name":{"default":"Connection credentials","en":"Connection credentials"}},"global_search_searchable":[],"attribute_only":false,"is_column_custom_attribute":false,"can_have_image":false,"version":1,"name":"connection_credentials","scope":"GLOBAL","allow_decorators":false}