{"description":"Asset type for database transformation scripts","fields":[{"key":"columns","type":"string","facet":true,"is_array":true,"search_path":"statements[].columns[].name","is_searchable_across_types":true}],"relationships":[],"properties":{"host":{"type":"string","description":"Name of the host","is_array":false,"readonly":true,"validated":false,"displayInChild":false,"restricted":false,"label":{"default":"Server information","en":"Server information","it":"Informazioni sul server","sv":"Serverinformation","fr":"Informations sur le serveur","es":"Información de servidor","pt":"Informações do servidor","ru":"Информация о сервере","zh-TW":"伺服器資訊","de":"Serverinformationen","zh":"服务器信息","ko":"서버 정보","ja":"サーバー情報","pl":"Informacje o serwerze"},"localized_metadata_attributes":{"description":{"default":"Name of the host","en":"Name of the host","it":"Nome dell'host","sv":"Värdens namn","fr":"Nom de l'hôte","es":"Nombre del host","pt":"Nome do host","ru":"Имя хоста","zh-TW":"主機名稱","de":"Name des Hosts","zh":"主机的名称","ko":"호스트의 이름","ja":"ホストの名前","pl":"Nazwa hosta"}}},"transformation_type":{"type":"string","description":"Type of the transformation","is_array":false,"readonly":true,"validated":false,"displayInChild":false,"restricted":false,"label":{"default":"Transformation type","en":"Transformation type","it":"Tipo di trasformazione","sv":"Transformeringstyp","fr":"Type de transformation","es":"Tipo de transformación","pt":"Tipo de transformação","ru":"Тип преобразования","zh-TW":"轉換類型","de":"Umsetzungstyp","zh":"变换类型","ko":"변환 유형","ja":"変換タイプ","pl":"Typ transformacji"},"localized_metadata_attributes":{"description":{"default":"Type of the transformation","en":"Type of the transformation","it":"Tipo di trasformazione","sv":"Typ av omvandling","fr":"Type de la transformation","es":"Tipo de transformación","pt":"Tipo da transformação","ru":"Тип преобразования","zh-TW":"轉換類型","de":"Typ der Transformation","zh":"变换的类型","ko":"변환 유형","ja":"変換のタイプ","pl":"Typ transformacji"}}},"transformation_expression":{"type":"string","description":"Expression for the transformation","is_array":false,"readonly":true,"validated":false,"displayInChild":false,"restricted":false,"label":{"default":"Transformation expression","en":"Transformation expression","it":"Espressione di trasformazione","sv":"Transformeringsuttryck","fr":"Expression de transformation","es":"Expresión de transformación","pt":"Expressão de transformação","ru":"Выражение преобразования","zh-TW":"轉換表示式","de":"Umsetzungsausdruck","zh":"变换表达式","ko":"변환 표현식","ja":"変換式","pl":"Wyrażenie transformacji"},"localized_metadata_attributes":{"description":{"default":"Expression for the transformation","en":"Expression for the transformation","it":"Espressione per la trasformazione","sv":"Uttryck för omvandlingen","fr":"Expression pour la transformation","es":"Expresión para la transformación","pt":"Expressão para a transformação","ru":"Выражение для преобразования","zh-TW":"轉換的表示式","de":"Ausdruck für die Transformation","zh":"变换的表达式","ko":"변환에 대한 표현식","ja":"変換の式","pl":"Wyrażenie dla transformacji"}}},"lineage_link":{"type":"string","description":"Visually explore lineage information","is_array":false,"hidden":true,"readonly":true,"validated":false,"displayInChild":false,"restricted":false,"label":{"default":"Lineage link","en":"Lineage link","it":"Link di derivazione","sv":"Linjalänk","fr":"Lien de lignage","es":"Enlace de linaje","pt":"Link de linhagem","ru":"Ссылка на происхождение","zh-TW":"世系鏈結","de":"Abstammungslink","zh":"沿袭链接","ko":"계보 링크","ja":"リネージュ・リンク","pl":"Odsyłacz do pochodzenia"},"localized_metadata_attributes":{"description":{"default":"Visually explore lineage information","en":"Visually explore lineage information","it":"Esplora visivamente le informazioni di derivazione","sv":"Visuellt utforska härkomstinformation","fr":"Exploration visuelle des informations de lignée","es":"Explorar visualmente la información de linaje","pt":"Explorar visualmente informações de linhagem","ru":"Визуально исследовать информацию о происхоле","zh-TW":"視覺化探索世系資訊","de":"Abstammungsinformationen visuell untersuchen","zh":"直观地浏览沿袭信息","ko":"계보 정보를 시각적으로 탐색","ja":"リネージュ情報を視覚的に調べる","pl":"Wizualne eksploracja informacji o pochodzeniu"}}}},"localized_metadata_attributes":{"name":{"default":"Transformation script","en":"Transformation script","de":"Transformationsscript","es":"Script de transformación","fr":"Script de transformation","it":"Script di trasformazione","ja":"変換スクリプト","ko":"변환 스크립트","pt":"Script de transformação","ru":"Сценарий преобразования","sv":"Transformationsskript","zh":"变换脚本","zh-TW":"轉換 Script","pl":"Skrypt transformacji"},"description":{"default":"Asset type for database transformation scripts","en":"Asset type for database transformation scripts","de":"Assettyp für Datenbanktransformationsscripts","es":"Tipo de activo para scripts de transformación de base de datos","fr":"Type d'actif pour les scripts de transformation de base de données","it":"Tipo di asset per script di trasformazione database","ja":"データベース変換スクリプトの資産タイプ","ko":"데이터베이스 변환 스크립트에 필요한 자산 유형","pt":"Tipo de ativo para scripts de transformação de banco de dados","ru":"Тип ресурса для сценариев преобразования базы данных","sv":"Inventarietyp för datatransformationsskript","zh":"数据库转换脚本的资产类型","zh-TW":"資料庫轉換 Script 的資產類型","pl":"Typ zasobu dla skryptów transformacji bazy danych"}},"identity":{"strategy":"DUPLICATE_DETECTION_BY_NAME_AND_RESOURCE_KEY"},"global_search_searchable":[],"attribute_only":false,"is_column_custom_attribute":false,"can_have_image":false,"version":1,"name":"data_transformation","scope":"GLOBAL","allow_decorators":true}