{"description":"Data lineage asset type","fields":[],"relationships":[],"localized_metadata_attributes":{"name":{"default":"Data lineage","en":"Data lineage","de":"Datenabstammung","es":"Linaje de datos","fr":"Lignage de données","it":"Derivazione dati","ja":"データ・リネージュ","ko":"데이터 계보","pt":"Linhagem de dados","ru":"Происхождение данных","sv":"Datahärkomst","zh":"数据沿袭","zh-TW":"資料世系","pl":"Pochodzenie danych"},"description":{"default":"Data lineage asset type","en":"Data lineage asset type","de":"Assettyp für Datenabstammung","es":"Tipo de activo de linaje de datos","fr":"Type d'actif de lignage de données","it":"Tipo di asset di derivazione dati","ja":"データ・リネージュ資産タイプ","ko":"데이터 계보 자산 유형","pt":"Tipo de ativo de linhagem de dados","ru":"Тип актива происхождения данных","sv":"Inventarietyp för datahärkomst","zh":"数据沿袭资产类型","zh-TW":"資料世系資產類型","pl":"Typ zasobu pochodzenia danych"}},"global_search_searchable":[],"attribute_only":true,"is_column_custom_attribute":false,"can_have_image":false,"version":1,"name":"data_lineage","scope":"GLOBAL","allow_decorators":false}