{"description":"Data definition asset type","fields":[{"key":"data_asset","type":"object","facet":false,"is_array":false,"is_searchable_across_types":false}],"relationships":[],"localized_metadata_attributes":{"name":{"default":"Data definition","en":"Data definition","de":"Datendefinition","es":"Definición de datos","fr":"Définition de données","it":"Definizione dati","ja":"データ定義","ko":"데이터 정의","pt":"Definição de dados","ru":"Определение данных","sv":"Datadefinition","zh":"数据定义","zh-TW":"資料定義","pl":"Definicja danych"},"description":{"default":"Data definition asset type","en":"Data definition asset type","de":"Datendefinitionsassettyp","es":"Tipo de activo de definición de datos","fr":"Type d'actif de définition de données","it":"Tipo di asset di definizione dati","ja":"データ定義資産タイプ","ko":"데이터 정의 자산 유형","pt":"Tipo de ativo de definição de dados","ru":"Тип ресурса определения данных","sv":"Inventarietyp datadefinition","zh":"数据定义资产类型","zh-TW":"資料定義資產類型","pl":"Typ zasobu definicji danych"}},"global_search_searchable":[],"attribute_only":false,"is_column_custom_attribute":false,"can_have_image":false,"version":1,"name":"data_definition","scope":"GLOBAL","allow_decorators":true}