{"fields":[{"key":"connection_id","type":"string","facet":false,"is_array":false,"is_searchable_across_types":false},{"key":"connection_path","type":"string","facet":false,"is_array":false,"is_searchable_across_types":false},{"key":"discovery_id","type":"string","facet":false,"is_array":false,"is_searchable_across_types":false},{"key":"metadata_import_id","type":"string","facet":false,"is_array":false,"is_searchable_across_types":true},{"key":"first_imported_timestamp","type":"number","facet":false,"is_array":false,"is_searchable_across_types":true},{"key":"last_imported_timestamp","type":"number","facet":false,"is_array":false,"is_searchable_across_types":true},{"key":"outdated_timestamp","type":"number","facet":false,"is_array":false,"is_searchable_across_types":true},{"key":"last_discovered_timestamp","type":"number","facet":false,"is_array":false,"is_searchable_across_types":false},{"key":"outdated_reason","type":"string","facet":false,"is_array":false,"is_searchable_across_types":true},{"key":"lineage_link","type":"string","facet":false,"is_array":false,"is_searchable_across_types":false}],"relationships":[],"localized_metadata_attributes":{"name":{"default":"Discovered","en":"Discovered","de":"Erkannt","es":"Descubiertos","fr":"Reconnu","it":"Rilevato","ja":"ディスカバー済み","ko":"검색됨","pt":"Descoberto","ru":"Обнаруженный","sv":"Upptäckt","zh":"已发现","zh-TW":"已探索","pl":"Wykryte"},"description":{"default":"Discovered","en":"Discovered","de":"Erkannt","es":"Descubiertos","fr":"Reconnu","it":"Rilevato","ja":"ディスカバー済み (Discovered)","ko":"검색됨","pt":"Descoberto","ru":"Обнаруженный","sv":"Upptäckt","zh":"已发现","zh-TW":"已探索"}},"global_search_searchable":[],"attribute_only":true,"is_column_custom_attribute":false,"can_have_image":false,"version":1,"name":"discovered_asset","scope":"GLOBAL","allow_decorators":false}