{"description":"Column in a physical data model","fields":[],"relationships":[],"properties":{"data_domain":{"type":"string","description":"A user-defined data type.  For example, \"kWh\"","is_array":false,"validated":false,"displayInChild":false,"restricted":false,"label":{"default":"Data domain","en":"Data domain","de":"Datendomäne","es":"Dominio de datos","fr":"Domaine de données","it":"Dominio dati","ja":"データ・ドメイン","ko":"데이터 도메인","pt":"Domínio de dados","ru":"Домен данных","sv":"Datadomän","zh":"数据域","zh-TW":"資料領域","pl":"Domena danych"},"localized_metadata_attributes":{"description":{"default":"A user-defined data type.  For example, \"kWh\"","en":"A user-defined data type.  For example, \"kWh\"","de":"Ein benutzerdefinierter Datentyp.  Beispiel: \"kWh\"","es":"Tipo de datos definido por el usuario.  Por ejemplo, \"kWh\"","fr":"Type de données défini par l'utilisateur.  Par exemple, \"kWh\"","it":"Un tipo di dati definito dall'utente.  Ad esempio, \"kWh\"","ja":"ユーザー定義のデータ・タイプ。  例: \"kWh\"","ko":"사용자 정의 데이터 유형입니다.  예를 들어, \"kWh\"입니다.","pt":"Um tipo de dados definido pelo usuário.  Por exemplo, \"kWh\"","ru":"Пользовательский тип данных.  Например, \"kWh\"","sv":"En användardefinierad datatyp.  Exempel: \"kWh\"","zh":"用户定义的数据类型。  例如，“kWh”","zh-TW":"使用者定義的資料類型。  例如，\"kWh\"","pl":"Typ danych zdefiniowany przez użytkownika.  Na przykład \"kWh\""}}},"data_type":{"type":"string","description":"A physical database data type","is_array":false,"validated":false,"displayInChild":false,"restricted":false,"label":{"default":"Data type","en":"Data type","de":"Datentyp","es":"Tipo de datos","fr":"Type de données","it":"Tipo di dati","ja":"データ・タイプ","ko":"데이터 유형","pt":"Tipo de dados","ru":"Тип данных","sv":"Datatyp","zh":"数据类型","zh-TW":"資料類型","pl":"Typ danych"},"localized_metadata_attributes":{"description":{"default":"A physical database data type","en":"A physical database data type","de":"Ein Datentyp der physischen Datenbank","es":"Un tipo de datos de base de datos física","fr":"Un type de données de base de données physique","it":"Il tipo di dati di un database fisico","ja":"物理データベース・データ・タイプ","ko":"물리적 데이터베이스 데이터 유형","pt":"Um tipo de dados de banco de dados físico","ru":"Тип данных физической базы данных","sv":"En fysisk databastyp","zh":"物理数据库数据类型","zh-TW":"實體資料庫資料類型","pl":"Typ danych fizycznej bazy danych"}}},"length":{"type":"integer","description":"Length defined for the column data type","is_array":false,"validated":false,"displayInChild":false,"restricted":false,"label":{"default":"Length","en":"Length","de":"Länge","es":"Longitud","fr":"Longueur","it":"Lunghezza","ja":"長さ","ko":"길이","pt":"Length","ru":"Длина","sv":"Längd","zh":"长度","zh-TW":"長度","pl":"Długość"},"localized_metadata_attributes":{"description":{"default":"Length defined for the column data type","en":"Length defined for the column data type","de":"Für den Spaltendatentyp definierte Länge","es":"Longitud definida para el tipo de datos de columna","fr":"Longueur définie pour le type de données de colonne","it":"Lunghezza definita per il tipo di dati della colonna","ja":"列データ・タイプに定義された長さ","ko":"열 데이터 유형에 대해 정의된 길이","pt":"Comprimento definido para o tipo de dados da coluna","ru":"Длина, определенная для типа данных столбца","sv":"Längden definierad för kolumndatatypen","zh":"为列数据类型定义的长度","zh-TW":"直欄資料類型定義的長度","pl":"Długość zdefiniowana dla typu danych kolumny"}}},"nullable":{"type":"bool","description":"Information about whether the column is optional/nullable","is_array":false,"validated":false,"displayInChild":false,"restricted":false,"label":{"default":"Is nullable","en":"Is nullable","de":"Dateneingabe ist optional","es":"Es anulable","fr":"Peut être NULL","it":"Consente valori null","ja":"NULL 可能かどうか","ko":"널(NULL) 입력 가능 여부","pt":"É anulável","ru":"Допускает пустые значения","sv":"Är nullningsbar","zh":"是否可空","zh-TW":"可為空值","pl":"Dopuszczalne wartości puste"},"localized_metadata_attributes":{"description":{"default":"Information about whether the column is optional/nullable","en":"Information about whether the column is optional/nullable","de":"Informationen dazu, ob die Dateneingabe in die Spalte optional ist","es":"Información sobre si la columna es opcional/anulable","fr":"Informations indiquant si la colonne est facultative/accepte la valeur NULL","it":"Informazioni che indicano se la colonna è facoltativa o se consente valori null","ja":"列がオプション/NULL 可能かどうかに関する情報","ko":"열이 선택/널 입력 가능한지 여부에 대한 정보","pt":"Informações sobre se a coluna é opcional/anulável","ru":"Информация о том, является ли столбец необязательным/обнуляемым","sv":"Information om huruvida kolumnen är valfri/nullningsbar","zh":"有关列是否为可选/可空的信息","zh-TW":"直欄是否為選用/可為空值的相關資訊","pl":"Informacja o tym, czy kolumna jest opcjonalna/dopuszczalne są wartości puste"}}},"default_value":{"type":"string","description":"A value that is automatically generated when none is provided for this column in a new record","is_array":false,"validated":false,"displayInChild":false,"restricted":false,"label":{"default":"Default value","en":"Default value","de":"Standardwert","es":"Valor predeterminado","fr":"Valeur par défaut","it":"Valore predefinito","ja":"デフォルト値","ko":"기본값","pt":"Valor Padrão","ru":"Значение по умолчанию","sv":"Standardvärde","zh":"缺省值","zh-TW":"預設值","pl":"Wartość domyślna"},"localized_metadata_attributes":{"description":{"default":"A value that is automatically generated when none is provided for this column in a new record","en":"A value that is automatically generated when none is provided for this column in a new record","de":"Ein Wert, der automatisch generiert wird, wenn in einem neuen Datensatz für diese Spalte kein Wert angegeben wird","es":"Un valor que se genera automáticamente cuando no se proporciona ninguno para esta columna en un registro nuevo","fr":"Valeur générée automatiquement lorsqu'aucune valeur n'est fournie pour cette colonne dans un nouvel enregistrement","it":"Un valore che viene generato automaticamente quando non viene fornito alcun valore per questa colonna in un nuovo record","ja":"新規レコードのこの列に何も指定されていない場合に自動的に生成される値","ko":"새 레코드에서 이 열에 대해 아무 것도 제공되지 않을 때 자동으로 생성되는 값","pt":"Um valor que é gerado automaticamente quando nenhum é fornecido para essa coluna em um novo registro","ru":"Значение, которое автоматически генерируется, если для этого столбца в новой записи не задано ни одного значения.","sv":"Ett värde som automatiskt genereras när ingen tillhandahålls för den här kolumnen i en ny post","zh":"在新记录中没有为此列提供任何值时自动生成的值","zh-TW":"在新記錄中未提供任何值給此直欄時自動產生的值","pl":"Wartość, która jest generowana automatycznie, gdy dla tej kolumny w nowym rekordzie nie zostanie podana żadna wartość"}}},"derived":{"type":"bool","description":"Information about whether or not this column is calculated from other columns","is_array":false,"validated":false,"displayInChild":false,"restricted":false,"label":{"default":"Is derived","en":"Is derived","de":"Ist abgeleitet","es":"Se deriva","fr":"Est dérivé","it":"È derivato","ja":"派生である","ko":"파생됨","pt":"É derivado","ru":"Является производным","sv":"Är härledd","zh":"是否派生","zh-TW":"衍生","pl":"Jest pochodną"},"localized_metadata_attributes":{"description":{"default":"Information about whether or not this column is calculated from other columns","en":"Information about whether or not this column is calculated from other columns","de":"Informationen darüber, ob diese Spalte aus anderen Spalten berechnet wird","es":"Información sobre si esta columna se calcula o no a partir de otras columnas","fr":"Informations indiquant si cette colonne est ou non calculée à partir d'autres colonnes","it":"Informazioni che indicano se questa colonna viene calcolata da altre colonne","ja":"この列が他の列から計算されるかどうかに関する情報","ko":"이 열이 다른 열에서 계산되는지 여부에 대한 정보","pt":"Informações sobre se esta coluna é ou não calculada a partir de outras colunas","ru":"Информация о том, вычисляется ли этот столбец из других столбцов","sv":"Information om huruvida kolumnen har beräknats från andra kolumner eller inte","zh":"有关是否从其他列计算此列的信息","zh-TW":"是否從其他直欄計算此直欄的相關資訊","pl":"Informacja o tym, czy ta kolumna jest obliczana na podstawie innych kolumn"}}},"generated":{"type":"bool","description":"Information about whether or not the value is auto-generated by the database system","is_array":false,"validated":false,"displayInChild":false,"restricted":false,"label":{"default":"Is generated","en":"Is generated","de":"Wird generiert","es":"Se genera","fr":"Est généré","it":"È generato","ja":"生成済み","ko":"생성됨","pt":"É gerado","ru":"Генерируется","sv":"Är genererad","zh":"是否生成","zh-TW":"已產生","pl":"Jest generowana"},"localized_metadata_attributes":{"description":{"default":"Information about whether or not the value is auto-generated by the database system","en":"Information about whether or not the value is auto-generated by the database system","de":"Informationen dazu, ob der Wert automatisch vom Datenbanksystem generiert wird","es":"Información sobre si el sistema de base de datos genera automáticamente o no el valor","fr":"Informations indiquant si la valeur est générée automatiquement par le système de base de données","it":"Informazioni che indicano se il valore viene generato automaticamente dal sistema di database","ja":"値がデータベース・システムによって自動生成されるかどうかに関する情報","ko":"값이 데이터베이스 시스템에 의해 자동 생성되는지 여부에 대한 정보","pt":"Informações sobre se o valor é ou não gerado automaticamente pelo sistema de banco de dados","ru":"Информация о том, является ли значение автоматически сгенерированной системой базы данных","sv":"Information om huruvida värdet är automatiskt genererat av databassystemet","zh":"有关数据库系统是否自动生成值的信息","zh-TW":"資料庫系統是否自動產生值的相關資訊","pl":"Informacja o tym, czy wartość jest generowana automatycznie przez system bazy danych"}}},"sequence_number":{"type":"integer","description":"The ordinal number of attribute within the entity","is_array":false,"validated":false,"displayInChild":false,"restricted":false,"label":{"default":"Sequence number","en":"Sequence number","de":"Folgenummer","es":"Número de secuencia","fr":"Numéro de séquence","it":"Numero di sequenza","ja":"シーケンス番号","ko":"일련 번호","pt":"Número de sequência","ru":"Порядковый номер","sv":"Sekvensnummer","zh":"序号","zh-TW":"序號","pl":"Numer kolejny"},"localized_metadata_attributes":{"description":{"default":"The ordinal number of attribute within the entity","en":"The ordinal number of attribute within the entity","de":"Die Ordinalzahl des Attributs innerhalb der Entität","es":"El número ordinal de atributo en la entidad","fr":"Nombre ordinal d'attributs dans l'entité","it":"Il numero ordinale dell'attributo all'interno dell'entità","ja":"エンティティー内の属性の序数","ko":"엔티티 내 속성의 서수","pt":"O número ordinal de atributo na entidade","ru":"Порядковые номера атрибута в сущности","sv":"Ordningsnumret för attributet inom entiteten","zh":"实体中属性的序数","zh-TW":"實體內屬性的序數","pl":"Liczba porządkowa atrybutu w jednostce"}}},"notes":{"type":"string","description":"Free form textual notes that a user can add","is_array":false,"validated":false,"displayInChild":false,"restricted":false,"label":{"default":"Notes","en":"Notes","de":"Hinweise","es":"Notas","fr":"Remarques","it":"Note","ja":"ノート","ko":"참고","pt":"Notas","ru":"Заметки","sv":"Noteringar","zh":"注意","zh-TW":"附註：","pl":"Uwagi"},"localized_metadata_attributes":{"description":{"default":"Free form textual notes that a user can add","en":"Free form textual notes that a user can add","de":"Textnotizen in freiem Format, die ein Benutzer hinzufügen kann","es":"Notas textuales de formato libre que un usuario puede añadir","fr":"Notes textuelles en format libre qu'un utilisateur peut ajouter","it":"Note testuali in formato libero che un utente può aggiungere","ja":"ユーザーが追加できるフリー・フォームのテキストによる注記","ko":"사용자가 추가할 수 있는 자유 양식 텍스트 노트","pt":"Notas textuais de formato livre que um usuário pode incluir","ru":"Свободные текстовые заметки, которые пользователь может добавить","sv":"Egendefinierade anteckningar som en användare kan lägga till","zh":"用户可以添加的自由格式文本注释","zh-TW":"使用者可以新增的開放式文字附註","pl":"Dowolne notatki tekstowe, które mogą zostać dodane przez użytkownika"}}}},"localized_metadata_attributes":{"name":{"default":"Physical model column","en":"Physical model column","de":"Spalte für physisches Modell","es":"Columna de modelo físico","fr":"Colonne du modèle physique","it":"Colonna del modello fisico","ja":"物理モデル列","ko":"물리적 모델 컬럼","pt":"Coluna do modelo físico","ru":"Столбец физической модели","sv":"Fysisk modellkolumn","zh":"物理模型列","zh-TW":"實體模型直欄","pl":"Kolumna modelu fizycznego"},"description":{"default":"Column in a physical data model","en":"Column in a physical data model","de":"Spalte in einem physischen Datenmodell","es":"Columna en un modelo de datos físico","fr":"Colonne dans un modèle de données physique","it":"Colonna in un modello di dati fisico","ja":"物理データ・モデル内の列","ko":"실제 데이터 모델의 열","pt":"Coluna em um modelo de dados físico","ru":"Столбец в физической модели данных","sv":"Kolumn i en fysisk datamodell","zh":"物理数据模型中的列","zh-TW":"實體資料模型中的直欄","pl":"Kolumna w fizycznym modelu danych"}},"identity":{"strategy":"DUPLICATE_DETECTION_BY_NAME_AND_RESOURCE_KEY"},"global_search_searchable":[],"attribute_only":false,"is_column_custom_attribute":false,"can_have_image":false,"version":1,"name":"ibm_physical_model_column","scope":"GLOBAL","allow_decorators":true}