{"description":"A group of related logical data model entities and relationships in a logical data model","fields":[],"relationships":[],"properties":{"diagram_scope":{"type":"bool","description":"Indicator of whether the group is a diagram scope.","is_array":false,"validated":false,"displayInChild":false,"restricted":false,"label":{"default":"Diagram scope","en":"Diagram scope","it":"Ambito diagramma","sv":"Diagram","fr":"Portée du diagramme","es":"Ámbito de diagrama","pt":"Escopo do diagrama","ru":"Область диаграммы","zh-TW":"圖表範圍","de":"Diagrammbereich","zh":"图作用域","ko":"다이어그램 범위","ja":"ダイアグラム・スコープ","pl":"Zasięg diagramu"},"localized_metadata_attributes":{"description":{"default":"Indicator of whether the group is a diagram scope.","en":"Indicator of whether the group is a diagram scope.","it":"Indica se il gruppo è un ambito del diagramma.","sv":"Indikator för om gruppen är ett diagramomfång.","fr":"Indique si le groupe est une portée de diagramme.","es":"Indicador de si el grupo es un ámbito de diagrama.","pt":"Indicador se o grupo é um escopo de diagrama.","ru":"Указывает, является ли группа областью диаграммы.","zh-TW":"指出群組是否為圖表範圍的指示器。","de":"Gibt an, ob die Gruppe ein Diagrammbereich ist.","zh":"指示组是否为图作用域的指示符。","ko":"그룹이 다이어그램 범위인지 여부를 나타내는 표시기입니다.","ja":"グループがダイアグラム・スコープであるかどうかを示すインディケーター。","pl":"Wskazuje, czy grupa jest zasięgiem diagramu."}}},"notes":{"type":"string","description":"Free form textual notes that a user can add","is_array":false,"validated":false,"displayInChild":false,"restricted":false,"label":{"default":"Notes","en":"Notes","it":"Note","sv":"Noteringar","fr":"Remarques","es":"Notas","pt":"Notas","ru":"Заметки","zh-TW":"附註：","de":"Hinweise","zh":"注意","ko":"참고","ja":"ノート","pl":"Uwagi"},"localized_metadata_attributes":{"description":{"default":"Free form textual notes that a user can add","en":"Free form textual notes that a user can add","it":"Note testuali in formato libero che un utente può aggiungere","sv":"Egendefinierade anteckningar som en användare kan lägga till","fr":"Notes textuelles en format libre qu'un utilisateur peut ajouter","es":"Notas textuales de formato libre que un usuario puede añadir","pt":"Notas textuais de formato livre que um usuário pode incluir","ru":"Свободные текстовые заметки, которые пользователь может добавить","zh-TW":"使用者可以新增的開放式文字附註","de":"Textnotizen in freiem Format, die ein Benutzer hinzufügen kann","zh":"用户可以添加的自由格式文本注释","ko":"사용자가 추가할 수 있는 자유 양식 텍스트 노트","ja":"ユーザーが追加できるフリー・フォームのテキストによる注記","pl":"Dowolne notatki tekstowe, które mogą zostać dodane przez użytkownika"}}}},"localized_metadata_attributes":{"name":{"default":"Logical model group","en":"Logical model group","de":"Gruppe des logischen Modells","es":"Grupo de modelos lógicos","fr":"Groupe du modèle logique","it":"Gruppo di modelli logici","ja":"論理モデル・グループ","ko":"논리 모델 그룹","pt":"Grupo do modelo lógico","ru":"Группа логических моделей","sv":"Logisk modellgrupp","zh":"逻辑模型组","zh-TW":"邏輯模型群組","pl":"Grupa modeli logicznych"},"description":{"default":"A group of related logical data model entities and relationships in a logical data model","en":"A group of related logical data model entities and relationships in a logical data model","de":"Eine Gruppe zusammengehöriger logischer Datenmodellentitäten und -beziehungen in einem logischen Datenmodell","es":"Un grupo de entidades y relaciones de modelo de datos lógico relacionadas en un modelo de datos lógico","fr":"Groupe d'entités et de relations de modèle de données logique associées dans un modèle de données logique","it":"Un gruppo di entità e relazioni del modello di dati logico correlate in un modello di dati logico","ja":"論理データ・モデル内の関連論理データ・モデル・エンティティーおよび関係のグループ","ko":"논리 데이터 모델의 관련 논리 데이터 모델 엔티티 및 관계 그룹","pt":"Um grupo de entidades e relacionamentos de modelo de dados lógicos relacionados em um modelo de dados lógicos","ru":"Группа связанных сущностей и связей логической модели данных в логической модели данных","sv":"En grupp relaterade logiska datamodellentiteter och relationer i en logisk datamodell","zh":"逻辑数据模型中的一组相关逻辑数据模型实体和关系","zh-TW":"邏輯資料模型中相關邏輯資料模型實體及關係的群組","pl":"Grupa powiązanych jednostek logicznego modelu danych i relacji w logicznym modelu danych"}},"identity":{"strategy":"DUPLICATE_DETECTION_BY_NAME_AND_RESOURCE_KEY"},"global_search_searchable":[],"attribute_only":false,"is_column_custom_attribute":false,"can_have_image":false,"version":1,"name":"ibm_logical_model_group","scope":"GLOBAL","allow_decorators":true}