{"description":"An asset that represents the stored procedure structure in the physical model","fields":[],"relationships":[],"properties":{"parameters":{"type":"string","description":"List of stored procedure parameters","is_array":true,"validated":false,"displayInChild":false,"restricted":false,"label":{"default":"Parameters","en":"Parameters","it":"Parametri","sv":"Parametrar","fr":"Paramètres","es":"Parámetros","pt":"Parâmetros","ru":"Параметры","zh-TW":"參數","de":"Parameter","zh":"参数","ko":"매개변수","ja":"パラメーター","pl":"Parametry"},"localized_metadata_attributes":{"description":{"default":"List of stored procedure parameters","en":"List of stored procedure parameters","it":"Elenco dei parametri della procedura memorizzata","sv":"Lista över lagrade procedurparametrar","fr":"Liste des paramètres de procédure mémorisée","es":"Lista de parámetros de procedimiento almacenado","pt":"Lista de parâmetros de procedimento armazenado","ru":"Список параметров хранимой процедуры","zh-TW":"儲存程序參數清單","de":"Liste der Parameter für gespeicherte Prozeduren","zh":"存储过程参数列表","ko":"스토어드 프로시저 매개변수 목록","ja":"ストアード・プロシージャー・パラメーターのリスト","pl":"Lista parametrów procedury składowanej"}}},"source_code":{"type":"string","description":"The script defining the logic for the stored procedure","is_array":false,"validated":false,"displayInChild":false,"restricted":false,"label":{"default":"Source code","en":"Source code","it":"Codice sorgente","sv":"Källkod","fr":"Code source","es":"Código fuente","pt":"Código-fonte","ru":"Исходный код","zh-TW":"原始碼","de":"Quellcode","zh":"源代码","ko":"소스 코드","ja":"ソース・コード","pl":"Kod źródłowy"},"localized_metadata_attributes":{"description":{"default":"The script defining the logic for the stored procedure","en":"The script defining the logic for the stored procedure","it":"Lo script che definisce la logica per la procedura memorizzata","sv":"Skriptet som definierar logiken för den lagrade proceduren","fr":"Script définissant la logique de la procédure mémorisée","es":"El script que define la lógica para el procedimiento almacenado","pt":"O script que define a lógica do procedimento armazenado","ru":"Сценарий, определяющий логику хранимой процедуры","zh-TW":"定義儲存程序邏輯的 Script","de":"Das Script, das die Logik für die gespeicherte Prozedur definiert.","zh":"用于定义存储过程逻辑的脚本","ko":"스토어드 프로시저의 로직을 정의하는 스크립트","ja":"ストアード・プロシージャーのロジックを定義するスクリプト","pl":"Skrypt definiujący logikę procedury składowanej"}}},"notes":{"type":"string","description":"Free form textual notes that a user can add","is_array":false,"validated":false,"displayInChild":false,"restricted":false,"label":{"default":"Notes","en":"Notes","it":"Note","sv":"Noteringar","fr":"Remarques","es":"Notas","pt":"Notas","ru":"Заметки","zh-TW":"附註：","de":"Hinweise","zh":"注意","ko":"참고","ja":"ノート","pl":"Uwagi"},"localized_metadata_attributes":{"description":{"default":"Free form textual notes that a user can add","en":"Free form textual notes that a user can add","it":"Note testuali in formato libero che un utente può aggiungere","sv":"Egendefinierade anteckningar som en användare kan lägga till","fr":"Notes textuelles en format libre qu'un utilisateur peut ajouter","es":"Notas textuales de formato libre que un usuario puede añadir","pt":"Notas textuais de formato livre que um usuário pode incluir","ru":"Свободные текстовые заметки, которые пользователь может добавить","zh-TW":"使用者可以新增的開放式文字附註","de":"Textnotizen in freiem Format, die ein Benutzer hinzufügen kann","zh":"用户可以添加的自由格式文本注释","ko":"사용자가 추가할 수 있는 자유 양식 텍스트 노트","ja":"ユーザーが追加できるフリー・フォームのテキストによる注記","pl":"Dowolne notatki tekstowe, które mogą zostać dodane przez użytkownika"}}}},"localized_metadata_attributes":{"name":{"default":"Physical model stored procedure","en":"Physical model stored procedure","de":"Gespeicherte Prozedur für physisches Modell","es":"Procedimiento almacenado de modelo físico","fr":"Procédure stockée du modèle physique","it":"Procedura memorizzata del modello fisico","ja":"物理モデル・ストアード・プロシージャー","ko":"물리적 모델 스토어드 프로시저","pt":"Procedimento armazenado do modelo físico","ru":"Хранимая процедура физической модели","sv":"Lagrad procedur för fysisk modell","zh":"物理模型存储过程","zh-TW":"實體模型儲存程序","pl":"Procedura składowana modelu fizycznego"},"description":{"default":"An asset that represents the stored procedure structure in the physical model","en":"An asset that represents the stored procedure structure in the physical model","de":"Ein Asset, das die Struktur der gespeicherten Prozedur im physischen Modell darstellt.","es":"Un activo que representa la estructura de procedimiento almacenado en el modelo físico","fr":"Actif représentant la structure de la procédure mémorisée dans le modèle physique","it":"Un asset che rappresenta la struttura della procedura memorizzata in un modello fisico","ja":"物理モデル内のストアード・プロシージャー構造を表す資産","ko":"실제 모델에서 스토어드 프로시저 구조를 나타내는 자산","pt":"Um ativo que representa a estrutura do procedimento armazenado no modelo físico","ru":"Ресурс, представляющий структуру хранимой процедуры в физической модели","sv":"En inventarie som representerar den lagrade procedurstrukturen i den fysiska modellen","zh":"表示物理模型中的存储过程结构的资产","zh-TW":"代表實體模型中儲存程序結構的資產","pl":"Zasób reprezentujący strukturę procedury składowanej w modelu fizycznym"}},"identity":{"strategy":"DUPLICATE_DETECTION_BY_NAME_AND_RESOURCE_KEY"},"global_search_searchable":[],"attribute_only":false,"is_column_custom_attribute":false,"can_have_image":false,"version":1,"name":"ibm_physical_model_stored_procedure","scope":"GLOBAL","allow_decorators":true}