{"description":"A container for a physical data model","fields":[],"relationships":[],"properties":{"author":{"type":"string","description":"The organization or department that created t he model.","is_array":false,"validated":false,"displayInChild":false,"restricted":false,"label":{"default":"Author","en":"Author","it":"Autore","sv":"Författare","fr":"Auteur","es":"Autor","pt":"Autor","ru":"Автор","zh-TW":"作者","de":"Autor","zh":"作者","ko":"작성자","ja":"作成者","pl":"Autor"},"localized_metadata_attributes":{"description":{"default":"The organization or department that created the model.","en":"The organization or department that created the model.","it":"L'organizzazione o il dipartimento che ha creato il modello.","sv":"Den organisation eller avdelning som skapade modellen.","fr":"Organisation ou service qui a créé le modèle.","es":"Organización o departamento que ha creado el modelo.","pt":"A organização ou o departamento que criou o modelo","ru":"Организация или отдел, создающие модель.","zh-TW":"建立模型的組織或部門。","de":"Die Organisation oder Abteilung, die das Modell erstellt hat.","zh":"创建模型的组织或部门。","ko":"모델을 작성한 조직 또는 부서입니다.","ja":"モデルを作成した組織または部門。","pl":"Organizacja lub dział, który utworzył model."}}},"version":{"type":"string","description":"The version of the model or the release of the model.","is_array":false,"validated":false,"displayInChild":false,"restricted":false,"label":{"default":"Version","en":"Version","it":"Versione","sv":"Version","fr":"Version","es":"Versión","pt":"Versão","ru":"Версия","zh-TW":"版本","de":"Version","zh":"版本","ko":"버전","ja":"バージョン","pl":"Wersja"},"localized_metadata_attributes":{"description":{"default":"The version of the model or the release of the model.","en":"The version of the model or the release of the model.","it":"La versione del modello o la release del modello.","sv":"Versionen av modellen eller releasen av modellen.","fr":"Version du modèle ou édition du modèle.","es":"La versión del modelo o el release del modelo.","pt":"A versão do modelo ou a liberação do modelo","ru":"Версия модели или выпуск модели.","zh-TW":"模型的版本或模型的版次。","de":"Die Version des Modells oder das Release des Modells","zh":"模型的版本或模型的发行版。","ko":"모델의 버전 또는 모델의 릴리스입니다.","ja":"モデルのバージョン、またはそのモデルのリリース。","pl":"Wersja modelu lub wydanie modelu."}}},"namespace":{"type":"string","description":"The value that helps to uniquely identify the model. It can include information about the business domain, name of the product or modeling tool","is_array":false,"validated":false,"displayInChild":false,"restricted":false,"label":{"default":"Namespace","en":"Namespace","it":"Spazio dei nomi","sv":"Namnfält","fr":"Espace de nom","es":"Espacio de nombres","pt":"Namespace:","ru":"Пространство  имен","zh-TW":"名稱空間","de":"Namensbereich","zh":"名称空间","ko":"네임스페이스","ja":"名前空間","pl":"Przestrzeń nazw"},"localized_metadata_attributes":{"description":{"default":"The value that helps to uniquely identify the model. It can include information about the business domain, name of the product or modeling tool","en":"The value that helps to uniquely identify the model. It can include information about the business domain, name of the product or modeling tool","it":"Il valore che consente di identificare in modo univoco il modello. Può includere informazioni sul dominio di business, il nome del prodotto o lo strumento di modellazione","sv":"Det värde som hjälper till att unikt identifiera modellen. Den kan innehålla information om affärsdomänen, namnet på produkten eller modelleringsverktyget.","fr":"Valeur qui aide à identifier le modèle de manière unique. Il peut inclure des informations sur le domaine métier, le nom du produit ou l'outil de modélisation","es":"El valor que ayuda a identificar de forma exclusiva el modelo. Puede incluir información sobre el dominio empresarial, el nombre del producto o la herramienta de modelado","pt":"O valor que ajuda a identificar exclusivamente o modelo. Pode incluir informações sobre o domínio de negócios, o nome do produto ou a ferramenta de modelagem","ru":"Значение, которое помогает однозначно идентифицировать модель. Он может включать информацию о бизнес-домене, имя продукта или инструмент моделирования","zh-TW":"協助唯一識別模型的值。 它可以包括商業網域、產品名稱或建模工具的相關資訊","de":"Der Wert, mit dem das Modell eindeutig identifiziert werden kann. Sie kann Informationen zur Geschäftsdomäne, zum Namen des Produkts oder zum Modellierungstool enthalten.","zh":"有助于唯一标识模型的值。 它可以包含有关业务域，产品名称或建模工具的信息","ko":"모델을 고유하게 식별하는 데 도움이 되는 값입니다. 비즈니스 도메인, 제품 이름 또는 모델링 도구에 대한 정보를 포함할 수 있습니다.","ja":"モデルを一意的に識別するのに役立つ値。 これには、ビジネス・ドメイン、製品の名前、またはモデリング・ツールに関する情報を含めることができます。","pl":"Wartość, która pomaga jednoznacznie zidentyfikować model. Może zawierać informacje o domenie biznesowej, nazwę produktu lub narzędzie do modelowania."}}},"copyright":{"type":"string","description":"The model copyright information.","is_array":false,"validated":false,"displayInChild":false,"restricted":false,"label":{"default":"Copyright","en":"Copyright","it":"Copyright","sv":"Copyright","fr":"Copyright","es":"Derechos de autor (Copyright)","pt":"Direitos Autorais","ru":"Информация об авторских правах","zh-TW":"著作權","de":"Verletzungen","zh":"版权","ko":"저작권","ja":"著作権","pl":"Prawa autorskie"},"localized_metadata_attributes":{"description":{"default":"The model copyright information.","en":"The model copyright information.","it":"Le informazioni sul copyright del modello.","sv":"Modellen copyright-information.","fr":"Informations sur les droits d'auteur du modèle.","es":"La información de copyright del modelo.","pt":"As informações de copyright do modelo.","ru":"Информация об авторских правах модели.","zh-TW":"模型著作權資訊。","de":"Der Copyrightvermerk des Modells.","zh":"模型版权信息。","ko":"모델 저작권 정보입니다.","ja":"モデルの著作権情報。","pl":"Informacje o prawach autorskich modelu."}}},"license":{"type":"string","description":"The model license information.","is_array":false,"validated":false,"displayInChild":false,"restricted":false,"label":{"default":"License","en":"License","it":"Licenza","sv":"Licens","fr":"Licence","es":"Licencia","pt":"Licença","ru":"Лицензия","zh-TW":"授權","de":"Lizenz","zh":"许可证","ko":"라이센스","ja":"ライセンス","pl":"Licencja"},"localized_metadata_attributes":{"description":{"default":"The model license information.","en":"The model license information.","it":"Le informazioni sulla licenza del modello.","sv":"Modelllicensinformationen.","fr":"Informations sur la licence du modèle.","es":"La información de licencia de modelo.","pt":"As informações sobre licença do modelo","ru":"Информация о лицензии модели.","zh-TW":"模型授權資訊。","de":"Die Modelllizenzinformationen.","zh":"模型许可证信息。","ko":"모델 라이센스 정보입니다.","ja":"モデル・ライセンス情報。","pl":"Informacje o licencji modelu."}}},"database_name":{"type":"string","description":"The name of the target RDBMS for which the model is designed","is_array":false,"validated":false,"displayInChild":false,"restricted":false,"label":{"default":"Database name","en":"Database name","it":"Nome database","sv":"Databasens namn","fr":"Nom de base de données","es":"Nombre de base de datos","pt":"Nome do banco de dados","ru":"Имя базы данных","zh-TW":"資料庫名稱","de":"Datenbankname","zh":"数据库名称","ko":"데이터베이스 이름","ja":"データベース名","pl":"Nazwa bazy danych"},"localized_metadata_attributes":{"description":{"default":"The name of the target RDBMS for which the model is designed","en":"The name of the target RDBMS for which the model is designed","it":"Il nome dell'RDBMS di destinazione per cui è progettato il modello","sv":"Namnet på den målRDBMS för vilken modellen är konstruerad","fr":"Nom du système de gestion de base de données relationnelle cible pour lequel le modèle est conçu","es":"El nombre del RDBMS de destino para el que se ha diseñado el modelo","pt":"O nome do RDBMS de destino para o qual o modelo foi projetado","ru":"Имя целевой реляционной СУБД, для которой предназначена модель","zh-TW":"為其設計模型的目標 RDBMS 名稱","de":"Der Name des Ziel-RDBMS, für das das Modell entworfen wurde.","zh":"为其设计模型的目标 RDBMS 的名称","ko":"모델이 설계된 대상 RDBMS의 이름","ja":"モデルが設計されているターゲット RDBMS の名前。","pl":"Nazwa docelowego systemu RDBMS, dla którego zaprojektowano model"}}},"database_version":{"type":"string","description":"The version of the target RDBMS for which the model is designed","is_array":false,"validated":false,"displayInChild":false,"restricted":false,"label":{"default":"Database version","en":"Database version","it":"Versione database","sv":"Databasversion","fr":"Version de base de données","es":"Versión de la base de datos","pt":"Versão do banco de dados","ru":"Версия базы данных","zh-TW":"資料庫版本","de":"Datenbankversion","zh":"数据库版本","ko":"데이터베이스 버전","ja":"データベースのバージョン","pl":"Wersja bazy danych"},"localized_metadata_attributes":{"description":{"default":"The version of the target RDBMS for which the model is designed","en":"The version of the target RDBMS for which the model is designed","it":"La versione dell'RDBMS di destinazione per cui è progettato il modello","sv":"Den version av målet RDBMS för vilken modellen är konstruerad","fr":"Version du système de gestion de base de données relationnelle cible pour laquelle le modèle est conçu","es":"La versión del RDBMS de destino para el que se ha diseñado el modelo","pt":"A versão do RDBMS de destino para o qual o modelo foi projetado","ru":"Версия целевой RDBMS, для которой предназначена модель","zh-TW":"為其設計模型的目標 RDBMS 版本","de":"Die Version des Ziel-RDBMS, für das das Modell entworfen wurde.","zh":"为其设计模型的目标 RDBMS 的版本","ko":"모델이 설계된 대상 RDBMS의 버전","ja":"モデルが設計されているターゲット RDBMS のバージョン。","pl":"Wersja docelowego systemu RDBMS, dla której zaprojektowano model"}}},"notes":{"type":"string","description":"Free form textual notes that a user can add","is_array":false,"validated":false,"displayInChild":false,"restricted":false,"label":{"default":"Notes","en":"Notes","it":"Note","sv":"Noteringar","fr":"Remarques","es":"Notas","pt":"Notas","ru":"Заметки","zh-TW":"附註：","de":"Hinweise","zh":"注意","ko":"참고","ja":"ノート","pl":"Uwagi"},"localized_metadata_attributes":{"description":{"default":"Free form textual notes that a user can add","en":"Free form textual notes that a user can add","it":"Note testuali in formato libero che un utente può aggiungere","sv":"Egendefinierade anteckningar som en användare kan lägga till","fr":"Notes textuelles en format libre qu'un utilisateur peut ajouter","es":"Notas textuales de formato libre que un usuario puede añadir","pt":"Notas textuais de formato livre que um usuário pode incluir","ru":"Свободные текстовые заметки, которые пользователь может добавить","zh-TW":"使用者可以新增的開放式文字附註","de":"Textnotizen in freiem Format, die ein Benutzer hinzufügen kann","zh":"用户可以添加的自由格式文本注释","ko":"사용자가 추가할 수 있는 자유 양식 텍스트 노트","ja":"ユーザーが追加できるフリー・フォームのテキストによる注記","pl":"Dowolne notatki tekstowe, które mogą zostać dodane przez użytkownika"}}}},"localized_metadata_attributes":{"name":{"default":"Physical model","en":"Physical model","de":"Physisches Modell","es":"Modelo físico","fr":"Modèle physique","it":"Modello fisico","ja":"物理モデル","ko":"물리적 모델","pt":"Modelo físico","ru":"Физическая модель","sv":"Fysisk modell","zh":"物理模型","zh-TW":"實體模型","pl":"Model fizyczny"},"description":{"default":"A container for a physical data model","en":"A container for a physical data model","de":"Container für ein physisches Datenmodell","es":"Un contenedor para un modelo de datos físico","fr":"Un conteneur pour un modèle de données physique","it":"Un contenitore per un modello di dati fisico","ja":"物理データ・モデルのコンテナー","ko":"실제 데이터 모델의 컨테이너","pt":"Um contêiner para um modelo de dados físico","ru":"Контейнер для физической модели данных","sv":"En behållare för en fysisk datamodell","zh":"用于物理数据模型的容器","zh-TW":"實體資料模型的儲存器","pl":"Kontener dla fizycznego modelu danych"}},"identity":{"strategy":"DUPLICATE_DETECTION_BY_NAME_AND_RESOURCE_KEY"},"global_search_searchable":[],"attribute_only":false,"is_column_custom_attribute":false,"can_have_image":false,"version":1,"name":"ibm_physical_model","scope":"GLOBAL","allow_decorators":true}