{"description":"A design schema for information assets","fields":[],"relationships":[],"properties":{"select_statement":{"type":"string","description":"The SQL query that defines the view","is_array":false,"validated":false,"displayInChild":false,"restricted":false,"label":{"default":"Select statement","en":"Select statement","it":"Istruzione Select","sv":"SELECT-sats","fr":"Instruction SELECT","es":"Sentencia Select","pt":"Instrução de Seleção","ru":"Оператор Select","zh-TW":"SELECT 陳述式","de":"Anweisung SELECT","zh":"SELECT 语句","ko":"Select문","ja":"SELECT ステートメント","pl":"Instrukcja SELECT"},"localized_metadata_attributes":{"description":{"default":"The SQL query that defines the view","en":"The SQL query that defines the view","it":"La query SQL che definisce la vista","sv":"Den SQL-fråga som definierar vyn","fr":"Requête SQL qui définit la vue","es":"La consulta SQL que define la vista","pt":"A consulta SQL que define a visualização","ru":"Запрос SQL, определяющий представление","zh-TW":"定義視圖的 SQL 查詢","de":"Die SQL-Abfrage, die die Sicht definiert.","zh":"定义视图的 SQL 查询","ko":"뷰를 정의하는 SQL 쿼리","ja":"ビューを定義する SQL 照会","pl":"Zapytanie SQL definiujące widok"}}},"notes":{"type":"string","description":"Free form textual notes that a user can add","is_array":false,"validated":false,"displayInChild":false,"restricted":false,"label":{"default":"Notes","en":"Notes","it":"Note","sv":"Noteringar","fr":"Remarques","es":"Notas","pt":"Notas","ru":"Заметки","zh-TW":"附註：","de":"Hinweise","zh":"注意","ko":"참고","ja":"ノート","pl":"Uwagi"},"localized_metadata_attributes":{"description":{"default":"Free form textual notes that a user can add","en":"Free form textual notes that a user can add","it":"Note testuali in formato libero che un utente può aggiungere","sv":"Egendefinierade anteckningar som en användare kan lägga till","fr":"Notes textuelles en format libre qu'un utilisateur peut ajouter","es":"Notas textuales de formato libre que un usuario puede añadir","pt":"Notas textuais de formato livre que um usuário pode incluir","ru":"Свободные текстовые заметки, которые пользователь может добавить","zh-TW":"使用者可以新增的開放式文字附註","de":"Textnotizen in freiem Format, die ein Benutzer hinzufügen kann","zh":"用户可以添加的自由格式文本注释","ko":"사용자가 추가할 수 있는 자유 양식 텍스트 노트","ja":"ユーザーが追加できるフリー・フォームのテキストによる注記","pl":"Dowolne notatki tekstowe, które mogą zostać dodane przez użytkownika"}}}},"localized_metadata_attributes":{"name":{"default":"Physical model view","en":"Physical model view","de":"Ansicht des physischen Modells","es":"Vista de modelo físico","fr":"Vue du modèle physique","it":"Vista del modello fisico","ja":"物理モデル・ビュー","ko":"물리적 모델 보기","pt":"Visualização do modelo físico","ru":"Представление физической модели","sv":"Fysisk modellvy","zh":"物理模型视图","zh-TW":"實體模型視圖","pl":"Widok modelu fizycznego"},"description":{"default":"A design schema for information assets","en":"A design schema for information assets","de":"Designschema für Informationsassets","es":"Un esquema de diseño para activos de información","fr":"Schéma de conception pour les actifs informationnels","it":"Uno schema di progettazione per gli asset di informazioni","ja":"情報資産の設計スキーマ","ko":"정보 자산에 대한 디자인 스키마","pt":"Um esquema de design para ativos de informações","ru":"Схема структуры для информационных ресурсов","sv":"Ett designschema för informationsresurser","zh":"信息资产的设计模式","zh-TW":"資訊資產的設計綱目","pl":"Schemat projektu dla zasobów informacyjnych"}},"identity":{"strategy":"DUPLICATE_DETECTION_BY_NAME_AND_RESOURCE_KEY"},"global_search_searchable":[],"attribute_only":false,"is_column_custom_attribute":false,"can_have_image":false,"version":1,"name":"ibm_physical_model_view","scope":"GLOBAL","allow_decorators":true}