{"description":"Business intelligence report query","fields":[],"relationships":[],"properties":{"bi_server":{"type":"string","description":"Name of the business intelligence tool server information","is_array":false,"hidden":true,"readonly":true,"validated":false,"displayInChild":false,"restricted":false,"label":{"default":"Server information","en":"Server information","it":"Informazioni sul server","sv":"Serverinformation","fr":"Informations sur le serveur","es":"Información de servidor","pt":"Informações do servidor","ru":"Информация о сервере","zh-TW":"伺服器資訊","de":"Serverinformationen","zh":"服务器信息","ko":"서버 정보","ja":"サーバー情報","pl":"Informacje o serwerze"},"localized_metadata_attributes":{"description":{"default":"Name of the business intelligence tool server information","en":"Name of the business intelligence tool server information","it":"Nome delle informazioni sul server dello strumento di business intelligence","sv":"Namn på information om Business Intelligens verktygsserver","fr":"Nom des informations sur le serveur de l'outil d'aide à la décision","es":"Nombre de la información del servidor de la herramienta de inteligencia empresarial","pt":"Nome das informações do servidor de ferramentas do Business Intelligence","ru":"Имя информации о сервере инструментов бизнес-аналитики","zh-TW":"商業智慧工具伺服器資訊的名稱","de":"Name der Serverinformationen des Business-Intelligence-Tools","zh":"商业智能工具服务器信息的名称","ko":"비즈니스 인텔리전스 도구 서버 정보의 이름","ja":"ビジネス・インテリジェンス・ツール・サーバー情報の名前","pl":"Nazwa informacji o serwerze narzędzia inteligentnej analizy danych"}}},"lineage_link":{"type":"string","description":"Visually explore lineage information","is_array":false,"hidden":true,"readonly":true,"validated":false,"displayInChild":false,"restricted":false,"label":{"default":"Lineage link","en":"Lineage link","it":"Link di derivazione","sv":"Linjalänk","fr":"Lien de lignage","es":"Enlace de linaje","pt":"Link de linhagem","ru":"Ссылка на происхождение","zh-TW":"世系鏈結","de":"Abstammungslink","zh":"沿袭链接","ko":"계보 링크","ja":"リネージュ・リンク","pl":"Odsyłacz do pochodzenia"},"localized_metadata_attributes":{"description":{"default":"Visually explore lineage information","en":"Visually explore lineage information","it":"Esplora visivamente le informazioni di derivazione","sv":"Visuellt utforska härkomstinformation","fr":"Exploration visuelle des informations de lignée","es":"Explorar visualmente la información de linaje","pt":"Explorar visualmente informações de linhagem","ru":"Визуально исследовать информацию о происхоле","zh-TW":"視覺化探索世系資訊","de":"Abstammungsinformationen visuell untersuchen","zh":"直观地浏览沿袭信息","ko":"계보 정보를 시각적으로 탐색","ja":"リネージュ情報を視覚的に調べる","pl":"Wizualne eksploracja informacji o pochodzeniu"}}}},"localized_metadata_attributes":{"name":{"default":"Report query","en":"Report query","de":"Berichtsabfrage","es":"Consulta de informe","fr":"Requête de rapport","it":"Query del report","ja":"レポート・クエリー","ko":"보고서 쿼리","pt":"Consulta de relatório","ru":"Запрос отчета","sv":"Rapportfråga","zh":"报告查询","zh-TW":"報告查詢","pl":"Zapytanie raportu"},"description":{"default":"Business intelligence report query","en":"Business intelligence report query","de":"Business-Intelligence-Berichtsabfrage","es":"Consulta de informe de inteligencia empresarial","fr":"Requête de rapport de veille commerciale","it":"Query del report Business Intelligence","ja":"ビジネス・インテリジェンス・レポート照会","ko":"비즈니스 인텔리전스 보고서 조회","pt":"Consulta de relatório de inteligência de negócios","ru":"Запрос отчета Business Intelligence","sv":"business intelligence-rapportfråga","zh":"商业智能报告查询","zh-TW":"商業智慧報告查詢","pl":"Zapytanie raportu Business Intelligence"}},"identity":{"strategy":"DUPLICATE_DETECTION_BY_NAME_AND_RESOURCE_KEY"},"global_search_searchable":[],"attribute_only":false,"is_column_custom_attribute":false,"can_have_image":false,"version":1,"name":"ibm_bi_report_query","scope":"GLOBAL","allow_decorators":true}