{"description":"The Model use case user OpenPages asset type to capture OpenPages fields.","fields":[],"relationships":[],"localized_metadata_attributes":{"name":{"default":"Custom facts","en":"Custom facts","de":"Angepasste Fakten","es":"Hechos personalizados","fr":"Faits personnalisés","it":"Fatti personalizzati","ja":"カスタム・ファクト","ko":"사용자 정의 팩트","pt":"Fatos customizados","ru":"Пользовательские факты","sv":"Anpassade fakta","zh-TW":"自訂事實","zh":"定制事实"}},"decorates":[{"asset_type_name":"model_entry"}],"global_search_searchable":[],"attribute_only":true,"is_column_custom_attribute":false,"can_have_image":false,"version":1,"name":"model_entry_user_op","scope":"PROJECT","allow_decorators":false}