{"description":"Notebook Experiment Asset Type","fields":[{"key":"experiment_id","type":"string","facet":false,"is_array":false,"search_path":"experiment_id","is_searchable_across_types":false}],"relationships":[],"properties":{"experiment_id":{"type":"string","description":"notebook experiment id","is_array":false,"required":true,"hidden":true,"readonly":true,"validated":false,"displayInChild":false,"restricted":false,"default_value":""},"runs":{"type":"object","description":"experiments","is_array":true,"required":false,"hidden":true,"readonly":true,"validated":false,"displayInChild":false,"restricted":false,"properties":{"run_id":{"type":"string","description":"run id for reference","is_array":false,"required":false,"hidden":true,"readonly":true,"validated":false,"displayInChild":false,"restricted":false},"created_date":{"type":"string","description":"experiment date","is_array":false,"required":false,"hidden":true,"readonly":true,"validated":false,"displayInChild":false,"restricted":false},"metrics":{"type":"object","description":"experiment metrics","is_array":true,"required":false,"hidden":false,"readonly":true,"validated":false,"displayInChild":false,"restricted":false,"properties":{"key":{"type":"string","description":"metrics name","is_array":false,"required":false,"hidden":false,"readonly":true,"validated":false,"displayInChild":false,"restricted":false},"value":{"type":"string","description":"metrics value","is_array":false,"required":false,"hidden":false,"readonly":true,"validated":false,"displayInChild":false,"restricted":false},"step":{"type":"string","description":"metrics iteration or epoch","is_array":false,"required":false,"hidden":false,"readonly":true,"validated":false,"displayInChild":false,"restricted":false},"timestamp":{"type":"string","description":"metrics iteration or epoch timestamp","is_array":false,"required":false,"hidden":false,"readonly":true,"validated":false,"displayInChild":false,"restricted":false}}},"params":{"type":"object","description":"experiment params","is_array":false,"required":false,"hidden":false,"readonly":true,"validated":false,"displayInChild":false,"restricted":false,"properties":{"key":{"type":"string","description":"param name","is_array":false,"required":false,"hidden":false,"readonly":true,"validated":false,"displayInChild":false,"restricted":false},"value":{"type":"string","description":"param value","is_array":false,"required":false,"hidden":false,"readonly":true,"validated":false,"displayInChild":false,"restricted":false}}},"tags":{"type":"object","description":"experiment tags","is_array":false,"required":false,"hidden":false,"readonly":true,"validated":false,"displayInChild":false,"restricted":false,"properties":{"key":{"type":"string","description":"tag name","is_array":false,"required":false,"hidden":false,"readonly":true,"validated":false,"displayInChild":false,"restricted":false},"value":{"type":"string","description":"tag value","is_array":false,"required":false,"hidden":false,"readonly":true,"validated":false,"displayInChild":false,"restricted":false}}},"artifacts":{"type":"object","description":"experiment artifacts","is_array":false,"required":false,"hidden":false,"readonly":true,"validated":false,"displayInChild":false,"restricted":false,"properties":{"key":{"type":"string","description":"artifact name","is_array":false,"required":false,"hidden":false,"readonly":true,"validated":false,"displayInChild":false,"restricted":false},"value":{"type":"string","description":"artifact value","is_array":false,"required":false,"hidden":false,"readonly":true,"validated":false,"displayInChild":false,"restricted":false}}}}}},"global_search_searchable":[],"attribute_only":false,"is_column_custom_attribute":false,"can_have_image":false,"version":1,"name":"notebook_experiment","scope":"GLOBAL","allow_decorators":true}