{"description":"watsonx.ai GenAI Flow asset type","fields":[{"key":"software_spec.id","type":"string","facet":false,"is_array":false,"search_path":"software_spec.id","is_searchable_across_types":false},{"key":"software_spec.name","type":"string","facet":false,"is_array":false,"search_path":"software_spec.name","is_searchable_across_types":false}],"relationships":[],"properties":{"code_type":{"type":"string","description":"Code type of the asset","placeholder":"Put a value here","is_array":false,"required":false,"hidden":false,"readonly":false,"validated":false,"displayInChild":false,"restricted":false,"default_value":"python","values":["python"],"min_length":0,"max_length":100,"label":{"default":"Code Type"}},"custom":{"type":"object","description":"caller defined properties","placeholder":"Put a value here","is_array":false,"required":false,"hidden":false,"readonly":false,"validated":false,"displayInChild":false,"restricted":false,"properties":{"{user-defined-property}":{"description":"custom property","placeholder":"Put a value here","is_array":false,"required":false,"hidden":false,"readonly":false,"validated":false,"displayInChild":false,"restricted":false}}},"ml_version":{"type":"string","description":"Internal version of the ml asset type","placeholder":"Put a value here","is_array":false,"required":true,"hidden":true,"readonly":true,"validated":false,"displayInChild":false,"restricted":false,"default_value":"1.0.0"},"software_spec":{"type":"object","description":"software_spec of the asset","placeholder":"Put a value here","is_array":false,"required":true,"hidden":false,"readonly":false,"validated":false,"displayInChild":false,"restricted":false,"properties":{"id":{"type":"string","description":"software_spec id","placeholder":"Put a value here","is_array":false,"required":false,"hidden":false,"readonly":false,"validated":false,"displayInChild":false,"restricted":false},"name":{"type":"string","description":"software_spec name","placeholder":"Put a value here","is_array":false,"required":false,"hidden":false,"readonly":false,"validated":false,"displayInChild":false,"restricted":false},"rev":{"type":"string","description":"software_spec rev","placeholder":"Put a value here","is_array":false,"required":false,"hidden":false,"readonly":false,"validated":false,"displayInChild":false,"restricted":false}}}},"localized_metadata_attributes":{"name":{"default":"GenAI Flow"}},"global_search_searchable":[],"attribute_only":false,"is_column_custom_attribute":false,"can_have_image":false,"version":1,"name":"wx_genai_flow","scope":"GLOBAL","allow_decorators":true}