{"description":"Prompt session entry type for watsonx","fields":[{"key":"wx_prompt_session","type":"string","facet":true,"is_array":false,"search_path":"wx_prompt_session","is_searchable_across_types":true},{"key":"created_at","type":"integer","facet":false,"is_array":false,"search_path":"created_at","is_searchable_across_types":true}],"relationships":[],"localized_metadata_attributes":{"name":{"default":"Prompt session","de":"Eingabeaufforderungssitzung","en":"Prompt session","es":"Sesión de solicitud","fr":"Session d'invites","it":"Sessione prompt","ja":"プロンプト・セッション","ko":"프롬프트 세션","pt":"Sessão de prompt","ru":"Сеанс приглашения","sv":"Promptsession","zh":"提示会话","zh-TW":"提示階段作業"}},"global_search_searchable":[],"attribute_only":false,"is_column_custom_attribute":false,"can_have_image":false,"version":1,"name":"wx_prompt_session_entry","scope":"GLOBAL","allow_decorators":true}