{"metadata":{"asset_id":"a11391be-aa98-44ef-9e3b-c1d25191466d","asset_attributes":["notebook"],"name":"rest_api_lab v02","asset_type":"notebook","created_at":"2025-02-03T15:31:36Z","description":"rest_api_lab v02","origin_country":"us","owner_id":"1000330999","project_id":"5f5a0a23-6a3c-4abd-a28a-f74946f9421e","size":18259,"tags":["notebook"],"usage":{"last_update_time":1738779144448,"last_updated_at":"2025-02-05T18:12:24Z"}},"entity":{"notebook":{"kernel":{"name":"python3","display_name":"Python 3.11","language":"python"},"originates_from":{"type":"blank"},"runtime":{"environment":"rt241py-5f5a0a23-6a3c-4abd-a28a-f74946f9421e"}}},"attachments":[{"id":"e404e923-688a-42cc-8b04-a382084a4a51","version":2,"asset_type":"notebook","name":"attachment for notebook a11391be-aa98-44ef-9e3b-c1d25191466d","description":"attachment for notebook a11391be-aa98-44ef-9e3b-c1d25191466d","mime":"application/json","datasource_type":"81bafdbd-b7c6-45c5-a4fd-6ec135f66f4e","object_key":"notebook/rest_api_lab_v02_Dq84trHEN.ipynb","creator_id":"1000330999","create_time":1738596697182,"size":18259,"is_remote":false,"is_managed":false,"is_referenced":true,"is_object_key_read_only":false,"is_user_provided_path_key":true,"transfer_complete":true,"is_partitioned":false,"complete_time_ticks":1738596697182,"user_data":{},"test_doc":0,"handle":{"type":"assetfiles","key":"notebook/rest_api_lab_v02_Dq84trHEN.ipynb","upload_id":"done","max_part_num":1},"usage":{"access_count":227,"last_accessor_id":"1000330999","last_access_time":1738779131707,"last_updater_id":"1000330999","last_update_time":1738779131707}}]}